Text;TEI type
гостиная в доме большова;setting
сидит у окна с книгой;business
с жаром;delivery
вздыхает;delivery
молчание;delivery
задумывается;business
дурно вальсируя;business
липочка и аграфена кондратьевна;modifier
входя;entrance
преследуя ее;business
бегает за ней;business
садится;business
шепчет в сторону;delivery
плачет;business
плачет;business
стоит и смотрит на нее;business
липочка плачет громче и потом рыдает;business
липочка плачет;business
сквозь слезы;delivery
плачет;business
плачут обе вместе;business
плача;business
сквозь слезы;delivery
плачет;business
целуются;business
обтирает;business
голосом, еще неуспокоившимся;delivery
те же и фоминишна;modifier
те же и устинья наумовна;modifier
входя;entrance
целуясь;business
целуясь с липочкой;business
фоминишне;delivery
садясь;business
уходит;exit
те же без фоминишны;modifier
те же и фоминишна, входит, ставит на стол водку с закуской;mixed
смотрит в зеркало;business
уходят;exit
аграфена кондратьевна и устинья наумовна;modifier
наливает;business
пьет;business
пьет;business
те же и рисположенский;modifier
входя;entrance
пьет;business
пьет;business
садится;business
входит большов;entrance
те же и большов;modifier
кланяется;business
садясь;business
пьет;business
уходят;exit
большов и рисположенский;modifier
пьет;business
пьет;business
те же и подхалюзин (входит;mixed
кланяется;business
кланяется;business
помолчав;business
рисположенский смеется;business
помолчав;business
вынимая из кармана и подавая;business
надевает очки и просматривает;business
пьет, потом надевает очки, садится подле большова и смотрит в газеты;business
читает вслух;delivery
читает;delivery
просматривает дальше;business
читает;delivery
ворочая листы;delivery
берет газету;business
молчание;delivery
уходит;exit
большов и подхалюзин;modifier
помолчав;business
помолчав;business
помолчав;business
молчание;business
молчание;business
встает;business
подходит к нему и треплет по плечу;business
идет к двери;business
контора в доме большова. прямо дверь, на левой стороне лестница наверх;setting
со щеткой на авансцене;setting
лезет на стул коленками и смотрит в зеркало;business
делает гримасу;business
другую;business
хохочет;business
тишка и подхалюзин (крадется и хватает его за ворот;mixed
замахивается;business
дает деньги;business
тишка уходит;exit
один;modifier
вынимает и считает;business
ходит по комнате;business
ходит молча;business
подхалюзин и тишка;modifier
входит со штофом;entrance
тишка ставит водку и достает закуски, потом уходит;mixed
подхалюзин и рисположенский;modifier
пьет;business
садится к столу;business
пьет;business
подходит и садится к столу;business
кладет бумажник на стол;business
те же и тишка;modifier
тишка хочет убирать водку;business
пьет и закусывает;business
"уходят. тишка прибирает кое-что; сверху сходят устинья наумовна и фоминишна. тишка уходит";mixed
садясь;business
идет на лестницу;business
подхалюзин входит;entrance
устинья наумовна и подхалюзин;modifier
садится;business
входит тишка;entrance
уходят;exit
садится к столу и вынимает из кармана деньги;business
считает про себя;delivery
голос фоминишны за сценой: «тишка, а тишка! долго ль мне кричать-то?»;setting
«дома, что ли-ча, лазарь?»;setting
«да куда ж он делся-то, господи?»;setting
фоминишна сходит с лестницы;business
тишка бежит;business
показывается на лестнице;business
стук в двери и голос самсона силыча: «эй, отоприте, кто там?» аграфена кондратьевна скрывается;setting
за дверями;location
самсон силыч входит;entrance
фоминишна и большов;modifier
садится;business
"фоминишна идет к двери; подхалюзин и тишка входят";mixed
возвращаясь;business
подхалюзин, большов и тишка;modifier
фоминишна уходит;exit
к тишке;delivery
к тишке;delivery
тишка уходит;exit
плачет;business
уходят;exit
декорация первого действия;setting
"входит и садится на кресло; несколько времени смотрит по углам и зевает";business
молчание;delivery
зевает и смотрит по углам;business
аграфена кондратьевна и липочка (разряженная;modifier
к ней;delivery
к нему;delivery
усаживает;business
плачет;business
плача;delivery
те же и устинья наумовна;modifier
входя;entrance
целуются;business
садится;business
большов хохочет. устинья наумовна отходит с липочкой на другую сторону сцены. устинья наумовна рассматривает ее платье;business
входит;entrance
тишка уходит;exit
подходит к зеркалу и смотрится, потом к отцу;business
те же и лазарь, рисположенский и фоминишна (у дверей;mixed
берет липочку насильно за руку и лазаря;business
молчание;delivery
встают и уходят все, кроме липочки, подхалюзина и аграфены кондратьевны;exit
плачет;business
плачет;business
из двери;location
аграфена кондратьевна уходит;exit
липочка и подхалюзин;modifier
молчание;business
вынимает;business
молчание;business
молчание;business
молчание;business
молчание;business
молчание;business
молчание;business
подхалюзин становится;business
молчание;business
целует, потом вскакивает и подбегает к двери;business
встает и охорашивается перед зеркалом;business
те же, большов и аграфена кондратьевна;modifier
идет навстречу самсону силычу и бросается к нему в объятия;business
к аграфене кондратьевне;delivery
входит;entrance
подхалюзин к липочка садятся;business
уходит;exit
те же, устинья наумовна и рисположенский;modifier
те же, фоминишна и тишка (с вином на подносе;modifier
пьет;business
липочка и лазарь целуются;business
берет бокал;business
липочка и лазарь встают;business
тишка наливает;business
липочка и лазарь целуются;business
наливает вина и подходит к рисположенскому. рисположенский кланяется и отказывается;business
рисположенский бежит от нее;business
ставит вино на стол;business
прижимает его в угол и хватает за шиворот;business
все хохочут;business
в доме подхалюзина богато меблированная гостиная;setting
"олимпиада самсоновна сидит у окна в роскошном положении; на ней шелковая блуза, чепчик последнего фасона. подхалюзин в модном сюртуке стоит перед зеркалом. тишка за ним обдергивает и охорашивает";setting
ходит по комнате;business
тишка уходит;exit
садится подле олимпиады самсоновны;business
молчание;business
целует. молчание;business
вскакивает со стула;business
входит тишка с трубкой;entrance
тишка уходит;exit
те же и устинья наумовна;modifier
целуясь;business
олимпиада самсоновна уходит;exit
вынимает бумажник и дает ей ассигнацию;business
олимпиада самсоновна выносит платье и отдает устинье наумовне;business
те же и олимпиада самсоновна;modifier
уходит;exit
глядит в окно;business
те же, большов и аграфена кондратьевна;modifier
целуются;business
уходит;exit
"аграфена кондратьевна с водкой; тишка вносит закуску и уходит";setting
пьет;business
пьет;business
пьет;business
все молчат. большов пьет;business
плачет;business
опускается головой на стол;business
встает;business
уходит с аграфеной кондратьевной;exit
входит;entrance
тишка уходит;exit
те же, рисположенский и аграфена кондратьевна;modifier
аграфена кондратьевна уходит с олимпиадой самсоновной;exit
тишка входит;entrance
уходит;exit
к публике;delivery
оснельда и астрада;modifier
одна;modifier
оснельда и хорев;modifier
кий и сталверх;modifier
кий и хорев;modifier
один;modifier
кий и астрада;modifier
оснельда и астрада;modifier
хорев, оснельда и астрада;modifier
одна;modifier
оснельда и астрада;modifier
отъемлет кинжал из рук ея;business
хорев, оснельда и астрада;modifier
во время чтения;delivery
хорев, оснельда и велькар;modifier
кий и сталверх;modifier
один;modifier
кий, сталверх и два стража;modifier
немного отошел;business
те же и невольник;modifier
кий и сталверх;modifier
один;modifier
кий, сталверх и оснельда;modifier
говорит сталверху нечто на ухо, сталверх выходит, а кий потом;mixed
один;modifier
кий и сталверх с кубком;modifier
кий, велькар с завлоховым мечем и несколько воинов с ним;modifier
единому из воинов;delivery
те же и посланный к княжне;modifier
те же, хорев и завлох;modifier
кий, хорев, завлох, велькар и воины;modifier
вошед;entrance
конец трагедии;mixed
обыкновенная театральная комната с тремя стенами, окном и дверью;setting
у освещенного стола с сосредоточенным видом сидят мистики обоего пола — в сюртуках и модных платьях. несколько поодаль, у окна сидит пьеро в белом балахоне, мечтательный, расстроенный, бледный, безусый и безбровый, как все пьеро;setting
мистики некоторое время молчат;business
пьеро размечтался и оживился. но из-за занавеса сбоку вылезает обеспокоенный автор;mixed
внезапно застыдившись своего неожиданного появления, прячется обратно за занавес;exit
он не обратил внимания на автора. сидит и мечтательно вздыхает;business
второй наклоняется и что-то шепчет на ухо первому;business
в неподдельном ужасе;delivery
автор опять испуганно высовывается, но быстро исчезает, как будто его оттянул кто-то за фалды;mixed
по-прежнему, мечтательно;business
второй мистик поднимает свечу. совершенно неожиданно и непонятно откуда, появляется у стола необыкновенно красивая девушка с простым и тихим лицом матовой белизны. она в белом. равнодушен взор спокойных глаз. за плечами лежит заплетенная коса. девушка стоит неподвижно. восторженный пьеро молитвенно опускается на колени. заметно, что слезы душат его. все для него — неизреченно. мистики в ужасе откинулись на спинки стульев. у одного беспомощно болтается нога. другой производит странные движения рукой. третий выкатил глаза. через некоторое время очнувшись, громко шепчут:;mixed
пьеро услыхал. медленно поднявшись, он подходит к девушке, берет ее за руку и выводит на средину сцены. он говорит голосом звонким и радостным, как первый удар колокола;mixed
общий ужас. руки всплеснулись. фалды сюртуков раскачиваются. председатель собрания торжественно подходит к пьеро;business
звонким, детским голосом;delivery
по бледному лицу бродит растерянная улыбка;business
идет к выходу вслед за пьеро;exit
пьеро остановился, растерян. председатель умоляюще складывает руки;business
появляется стройный юноша в платье арлекина. на нем серебристыми голосами поют бубенцы;business
подходит к коломбине;business
он кладет руку на плечо пьеро. — пьеро свалился навзничь и лежит без движения в белом балахоне. арлекин уводит коломбину за руку. она улыбнулась ему. общий упадок настроения. все безжизненно повисли на стульях. рукава сюртуков вытянулись и закрыли кисти рук, будто рук и не было. головы ушли в воротники. кажется, на стульях висят пустые сюртуки. вдруг пьеро вскочил и убежал. занавес сдвигается. в ту же минуту на подмостки перед занавесом выскакивает взъерошенный и взволнованный автор;mixed
высунувшаяся из-за занавеса рука хватает автора за шиворот. он с криком исчезает за кулисой. занавес быстро раздергивается;exit
бал. маски кружатся под тихие звуки танца. среди них прогуливаются другие маски, рыцари, дамы, паяцы. грустный пьеро сидит среди сцены на той скамье, где обыкновенно целуются венера и тангейзер;setting
пьеро грустно удаляется. через некоторое время на той же скамье обнаруживается пара влюбленных. он в голубом, она в розовом, маски — цвета одежд. они вообразили себя в церкви и смотрят вверх, в купола;setting
поцелуй;business
молчание;business
прижимается к нему. первую пару скрывает от зрителей тихий танец масок и паяцов. в средину танца врывается вторая пара влюбленных. впереди — она в черной маске и вьющемся красном плаще. позади — он — весь в черном, гибкий, в красной маске и черном плаще. движения стремительны. он гонится за ней, то настигая, то обгоняя ее. вихрь плащей;setting
исчезают в вихре плащей. кажется, за ними вырвался из толпы кто-то третий, совершенно подобный влюбленному, весь — как гибкий язык черного пламени. в среде танцующих обнаружилась третья пара влюбленных. они сидят посреди сцены. средневековье. задумчиво склонившись, она следит за его движениями. — он, весь в строгих линиях, большой и задумчивый, в картонном шлеме,- чертит перед ней на полу круг огромным деревянным мечом;mixed
как тихое и внятное эхо;delivery
со вздохом облегчения и торжества;delivery
в эту минуту одному из паяцов пришло в голову выкинуть штуку он подбегает к влюбленному и показывает ему длинный язык влюбленный бьет с размаху паяца по голове тяжким деревянным мечом. паяц перегнулся через рампу и повис. из головы его брыжжет струя клюквенного сока;business
пронзительно кричит;delivery
поболтавшись, удаляется. шум. суматоха. веселые крики: «факелы! факелы! факельное шествие!» появляется хор с факелами. маски толпятся, смеются прыгают;business
арлекин выступает из хора, как корифей;business
прыгает в окно. даль, видимая в окне, оказывается нарисованной на бумаге. бумага лопнула. арлекин полетел вверх ногами в пустоту. в бумажном разрыве видно одно светлеющее небо. ночь истекает, копошится утро. на фоне занимающейся зари стоит, чуть колеблемая дорассветным ветром, — смерть, в длинных белых пеленах, с матовым женственным лицом и с косой на плече. лезвее серебрится, как опрокинутый месяц, умирающий утром. все бросились в ужасе в разные стороны. рыцарь споткнулся на деревянный меч. дамы разроняли цветы по всей сцене. маски, неподвижно прижавшиеся, как бы распятые у стен, кажутся куклами из этнографического музея. любовницы спрятали лица в плащи любовников. профиль голубой маски тонко вырезывается на утреннем небе. у ног ее испуганная, коленопреклоненная розовая маска прижалась к его руке губами. как из земли выросший пьеро медленно идет через всю сцену, простирая руки к смерти. по мере его приближения черты ее начинают оживать. румянец заиграл на матовости щек. серебряная коса теряется в стелющемся утреннем тумане. на фоне зари, в нише окна, стоит с тихой улыбкой на спокойном лице красивая девушка — коломбина. в ту минуту, как пьеро подходит и хочет коснуться ее руки своей рукой,- между ним и коломбиной просовывается торжествующая голова автора;business
автор хочет соединить руки коломбины и пьеро. но внезапно все декорации взвиваются и улетают вверх. маски разбегаются. автор оказывается склоненным над одним только пьеро, который беспомощно лежит на пустой сцене в белом балахоне своем с красными пуговицами. заметив свое положение, автор убегает стремительно;setting
приподнимается и говорит жалобно и мечтательно;delivery
помолчав;business
пьеро задумчиво вынул из кармана дудочку и заиграл песню о своем бледном лице, о тяжелой жизни и о невесте своей коломбине;business
"сад. видна часть дома с террасой. на аллее под старым тополем стол, сервированный для чая, скамьи, стулья; на одной из скамей лежит гитара. недалеко от стола качели. – третий час дня. пасмурно";setting
марина (сырая, малоподвижная старушка, сидит у самовара, нижет чулок) и астров (ходит возле;modifier
наливает стакан;business
нехотя принимает стакан;business
пауза;business
раздумывая;business
подумав;business
закручивая свои длинные усы;business
целует ее в голову;business
входит войницкий;entrance
"выходит из дому; он выспался после завтрака и имеет помятый вид; садится на скамью, поправляет свой щегольской галстук";entrance
пауза;business
зевает;business
покачав головой;business
свистит;delivery
"слышны голоса; из глубины сада, возвращаясь о прогулки, идут серебряков, елена андреевна, соня и телегин";entrance
"елена андреевна, серебряков и соня уходят в дом; телегин идет к столу и садится возле марины";mixed
принимая стакан;business
мечтательно;delivery
вяло;delivery
нервно;delivery
плачущим голосом;delivery
с досадой;delivery
"входят соня и елена андреевна ; немного погодя входит мария васильевна с книгой; она садится и читает; ей дают чаю, и она пьет не глядя";mixed
торопливо, няне;delivery
наливает чай;business
няня уходит, елена андреевна берет свою чашку и пьет, сидя на качелях;mixed
елене андреевне;delivery
пьет;business
нежно;delivery
пауза;business
сыну;delivery
умоляюще;delivery
пауза;business
пауза;business
телегин настраивает гитару. марина ходит около дома и кличет кур;business
уходит;exit
"телегин играет польку; все молча слушают; входит работник";mixed
астрову;delivery
с досадой;delivery
ищет глазами фуражку;business
работнику;delivery
уходит;exit
нашел фуражку;business
елене андреевне;delivery
с иронией;delivery
астрову;delivery
смеясь;delivery
астрову;delivery
елене андреевне;delivery
войницкому;delivery
увидев работника, который принес на подносе рюмку водки;business
пьет;business
идет к дому;business
берет его под руку и идет вместе;business
"астров и соня уходят в дом; мария васильевна и телегин остаются возле стола; елена андреевна и войницкий идут к террасе";mixed
пауза;business
идут в дом;exit
идя за нею;delivery
оба уходят в дом;exit
"телегин бьет по струнам и играет польку; мария васильевна что-то записывает на полях брошюры";business
столовая в доме серебрякова. – ночь. – слышно, как в саду стучит сторож;setting
серебряков (сидит в кресле перед открытым окном и дремлет) и елена андреевна (сидит подле него и тоже дремлет;setting
очнувшись;business
кутает ему ноги;business
пауза;business
елена андреевна отходит и садится поодаль;business
сквозь слезы;delivery
окно хлопает от ветра;setting
закрывает;business
"пауза; сторож в саду стучит и поет песню";mixed
входит соня;entrance
садится;business
подает капли;business
раздраженно;delivery
входит войницкий в халате и со свечой;entrance
молния;setting
испуганно;delivery
с усмешкой;delivery
жене;delivery
входит марина со свечой;entrance
подходит к серебрякову, нежно;business
поправляет плед;business
пауза;business
целует серебрякова я плечо;business
растроганный;business
ведет его вместе с соней;business
серебряков, соня и марина уходят;exit
припадает к ее руке;business
отнимает руку;business
хочет идти;business
загораживая ей дорогу;business
пристально смотрит на него;business
припадая к ее руке;delivery
с досадой;delivery
уходит;exit
один;modifier
пауза;business
пауза;business
"входит астров в сюртуке, без жилета и без галстука; он навеселе; за ним телегин с гитарой";entrance
телегин тихо наигрывает;business
войницкому;delivery
подбоченясь, тихо поет;business
осматривает склянки на столе;business
пауза;business
телегину;delivery
телегин тихо наигрывает;business
увидев входящую соню;business
"быстро уходит; телегин идет за ним";exit
испуганно;business
жадно целует ее руки и лицо;business
уходит;exit
стучит в дверь;business
за дверью;location
немного погодя входит: он уже в жилетке и галстуке;entrance
пауза;business
ищет в буфете;business
оба стоят у буфета и едят;business
достает из буфета бутылку;business
выпивает рюмку;business
пауза;business
хочет выпить;business
мешает ему;business
протягивает ей руку;business
крепко пожимает руку;business
смотрит на часы;business
закрывает рукой глаза и вздрагивает;business
пауза;business
пожав плечами;business
пожимает руку;business
уходит;exit
одна;modifier
смеется от счастья;business
ломая руки;business
входит елена андреевна;entrance
открывает окна;business
пауза;business
пауза;business
обнимает ее;business
обе взволнованы;business
увидев, что буфет открыт;business
наливает;business
пьют и целуются;business
плачет;business
плачет;business
пауза;business
пауза;business
смеется;business
смеется;business
целует ее;business
встает;business
ходит в волнении по сцене;business
смеется, закрыв лицо;business
обнимает ее;business
уходит;exit
в саду стучит сторож;setting
в окно;location
подсвистывает;business
пауза;business
вернувшись;business
гостиная в доме серебрякова. три двери: направо, налево и посредине. – день;setting
войницкий, соня (сидят) и елена андреевна (ходит по сцене, о чем-то думая;setting
смотрит на часы;business
тоном упрека;delivery
указывает на елену андреевну;business
с тоской;delivery
пожимая плечами;business
обнимает ее;business
смеясь;business
живо;delivery
с гневом;delivery
хочет уйти;business
не пускает ее;business
целует руку;business
уходит;exit
обе смотрят в окно;business
пауза;business
кладет ей голову на грудь;business
приглаживает ей волосы;business
оглядывается, чтобы взглянуть на себя в зеркало;business
в отчаянии;business
в раздумье;business
пауза;business
соня утвердительно кивает головой;business
пауза;business
соня утвердительно кивает головой;business
в сильном волнении;delivery
идет и останавливается возле двери;business
уходит;exit
одна;modifier
раздумывая;delivery
пауза;business
входит с картограммой;entrance
пожимает руку;business
растягивает на ломберном столе картограмму и укрепляет ее кнопками;business
помогая ему;business
показывая на картограмме;business
пауза;business
холодно;business
садятся;business
не сразу;business
берет его за руку;business
встает;business
пожав плечами;delivery
он смущен;modifier
пауза;business
пожимает плечами;business
глядит ей в глаза и грозит пальцем;business
смеясь;delivery
мешая ей говорить, живо;delivery
в недоумении;delivery
скрестив руки и нагнув голову;delivery
смеется сквозь зубы;business
хочет уйти;business
загораживая ей дорогу;business
берет ее за руку, оглядывается;business
страстно;delivery
мешая ей говорить;delivery
целует руки;business
отнимает руки;business
берет ее за талию;business
"целует ее; в это время входит войницкий с букетом роз и останавливается у двери";mixed
не видя войницкого;business
кладет астрову голову на грудь;business
хочет уйти;business
удерживая ее за талию;delivery
увидев войницкого;delivery
в сильном смущении отходит к окну;business
"кладет букет на стул; волнуясь, вытирает платком лицо и за воротником";business
будируя;delivery
свертывает картограмму в трубку;business
уходит;exit
быстро подходит к войницкому;business
вытирая лицо;business
нервно;delivery
входят серебряков, соня, телегин и марина;entrance
звонит;business
подойдя к елене андреевне, нетерпеливо;delivery
пытливо всматривается в ее лицо;business
пауза;business
елена андреевна утвердительно кивает головой;business
телегину;delivery
соня не слышит его, она стоит, печально опустив голову;business
пауза;business
марине;delivery
няня садится и вяжет чулок;business
смеется;business
волнуясь;delivery
пауза;business
входит мария васильевна;entrance
пауза;business
пауза;business
пьет воду;business
пауза;business
в смущении;business
серебрякову;delivery
строго;delivery
волнуясь;delivery
целует его;business
гневно;delivery
загораживая серебрякову дорогу;business
в сильном волнении уходит;exit
кричит;delivery
строго;delivery
становится перед няней на колени и прижимается к ней;business
серебрякову;delivery
уходит в среднюю дверь;exit
мария васильевна идет за ним;exit
указывает на среднюю дверь;business
мужу;delivery
"стоя на коленях, оборачивается к отцу; нервно, сквозь слезы";mixed
сдерживая отчаяние;delivery
взволнованная, мужу;delivery
уходит в среднюю дверь;exit
уходит за ним;exit
прижимаясь к няне;business
гладит ее по голове;business
глядя на среднюю дверь, с сердцем;delivery
"за сценой выстрел: слышно, как вскрикивает ; соня вздрагивает";mixed
вбегает, пошатываясь от испуга;entrance
елена андреевна и войницкий борются в дверях;business
стараясь отнять у него револьвер;delivery
освободившись, вбегает и ищет глазами серебрякова;entrance
стреляет в него;business
пауза;business
с гневом;delivery
бьет револьвером об пол и в изнеможении садится на стул;business
"серебряков ошеломлен; елена андреевна прислонилась к стене, ей дурно";business
в отчаянии;delivery
тихо;delivery
"комната ивана петровича; тут его спальня, тут же и контора имения. у окна большой стол с приходо-расходными книгами и бумагами всякого рода, конторка, шкапы, весы. стол поменьше для астрова; на этом столе принадлежности для рисования, краски; возле папка. клетка со скворцом. на стене карта африки, видимо, никому здесь не нужная. громадный диван, обитый клеенкой. налево – дверь, ведущая в покои; направо – дверь в сени; подле правой двери положен половик, чтобы не нагрязнили мужики. – осенний вечер. тишина";setting
телегин и марина сидят друг против друга и мотают чулочную шерсть;business
старается мотать быстрее;business
пауза;business
со вздохом;delivery
пауза;business
шепотом;delivery
с усмешкой;delivery
входят со двора войницкий и астров;entrance
марине и телегину;delivery
уходит на цыпочках;exit
собирает шерсть и уходит;exit
оба садятся;business
пауза;business
пожав плечами;delivery
злой смех;business
делает нос;business
глядя на дверь;business
закрывает лицо руками;business
с тоской;delivery
склоняется к столу;business
судорожно жмет астрову руку;business
плачет;business
с досадой;delivery
показывая на сердце;business
кричит сердито;delivery
смягчившись;business
вздохнув;delivery
живо;delivery
пауза;business
входит соня;entrance
соне;delivery
пауза;business
нежно;delivery
пауза;business
целует ему руки;business
плачет;business
достает из стола баночку и подает ее астрову;business
соне;delivery
нервно перебирает на столе бумаги;business
кладет баночку в аптеку и затягивает ремни;business
входит;entrance
берет войницкого под руку;business
соня и войницкий уходят;exit
подает астрову руку;business
пауза;business
берет ее за руку;business
жест нетерпения;business
пожал руку;business
в раздумье;delivery
берет с его стола карандаш и быстро прячет;business
целует ее в щеку;business
оглянувшись;business
обнимает его порывисто, и оба тотчас же быстро отходят друг от друга;business
оба прислушиваются;business
входят серебряков, войницкий, мария васильевна с книгой, телегин и соня;entrance
войницкому;delivery
целуется с войницким три раза;business
елена андреевна обнимает соню;business
целует у марии васильевны руку;business
целуя его;business
поцеловав дочь;business
подавая руку астрову;business
общий поклон;business
"уходит; за ним идут мария васильевна и соня";exit
крепко целует руку у елены андреевны;business
растроганная;delivery
целует его в голову и уходит;business
телегину;delivery
уходит;exit
остаются только астров и войницкий;modifier
убирает со стола краски и прячет их в чемодан;business
роется в бумагах на столе;business
"пауза; слышны звонки";setting
входит;entrance
садится в кресло и вяжет чулок;business
входит;entrance
утирает глаза;business
дяде;delivery
зажигает на столе лампу;business
берет чернильницу, идет к шкапу и наливает чернил;business
медленно входит;entrance
садится и погружается в чтение;business
садится за стол и перелистывает конторскую книгу;business
пишет;business
оба пишут молча;business
зевает;business
слышны бубенчики;setting
укладывает картограммы в папку;business
пишет;business
входит работник;entrance
подает ему аптечку, чемодан и папку;business
уходит;exit
идет проститься;business
пожимает руки;business
идет к няне и целует ее в голову;business
нерешительно;delivery
уходит;exit
после паузы;delivery
подходит к карте африки и смотрит на нее;business
возвращается с подносом, на котором рюмка водки и кусочек хлеба;business
астров пьет водку;business
низко кланяется;business
марине;delivery
"он уходит; соня идет за ним со свечой, чтобы проводить его; марина садится в свое кресло";mixed
пишет;business
пауза. слышны бубенчики;setting
пауза;business
возвращается, ставит свечу на стол;mixed
сосчитал на счетах и записывает;business
соня садится и пишет;business
зевает;business
телегин входит на цыпочках, садится у двери и тихо настраивает гитару;mixed
соне, проведя рукой по ее волосам;delivery
пауза;setting
"становится перед ним на колени и кладет голову на его руки; утомленным голосом";mixed
телегин тихо играет на гитаре;business
вытирает ему платком слезы;business
сквозь слезы;delivery
обнимает его;business
стучит сторож;setting
"телегин тихо наигрывает; мария васильевна пишет на полях брошюры; марина вяжет чулок";setting
городничий, попечитель богоугодных заведений, смотритель училищ, судья, частный пристав, лекарь, два квартальных;setting
бормочет вполголоса, пробегая скоро глазами;delivery
значительно поднимает палец вверх;business
остановясь;business
вздохнув;delivery
христиан иванович издает звук, отчасти похожий на букву и и несколько на е;delivery
христиан иванович издает тот же звук;delivery
делает гримасу;business
те же и почтмейстер;modifier
берет его под руку и отводит в сторону;business
те же, бобчинский и добчинский, оба входят, запыхавшись;mixed
перебивая;delivery
перебивая;delivery
все усаживаются вокруг обоих петров ивановичей;business
перебивая;delivery
перебивая;delivery
отводя его руки;business
перебивая;delivery
вертит рукою около лба;business
в страхе;delivery
в сторону;delivery
хватается за голову;business
обращаясь к бобчинскому;delivery
квартальный бежит впопыхах;business
судья, попечитель богоугодных заведений, смотритель училищ и почтмейстер уходят и в дверях сталкиваются с возвращающимся квартальным;business
городничий, бобчинский, добчинский и квартальный;modifier
хватаясь за голову;business
принимая шпагу, к квартальному;delivery
те же и частный пристав;modifier
вздыхает;business
берет вместо шляпы футляр;business
вместо шляпы хочет надеть бумажный футляр;business
бросая коробку;business
уходит и возвращается;mixed
все уходят;exit
анна андреевна и марья антоновна вбегают на сцену;entrance
отворяя дверь;business
говорит скоро;delivery
подбегает к окну и кричит;business
с пренебрежением;delivery
свешивается в окно;business
кричит до тех пор, пока не опускается занавес. так занавес и закрывает их обеих, стоящих у окна;business
лежит на барской постеле;setting
дразнит его;business
усмехается и трясет головою;business
со вздохом;delivery
поспешно схватывается с постели;delivery
осип и хлестаков;modifier
отдает фуражку и тросточку;business
ходит по комнате;business
"ходит и разнообразно сжимает свои губы; наконец говорит громким и решительным голосом";mixed
громким, но не столь решительным голосом;delivery
голосом вовсе не решительным и не громким, очень близким к просьбе;delivery
осип уходит;exit
один;modifier
насвистывает сначала из «роберта», потом «не шей ты мне, матушка», а наконец ни се ни то;business
хлестаков, осип и трактирный слуга;modifier
один;modifier
вытягиваясь и представляя лакея):;business
потирает руки и подшаркивает ножкой;business
плюет;business
хлестаков, осип, потом слуга;modifier
прихлопывает в ладоши и слегка подпрыгивает на стуле;business
с тарелками и салфеткой;setting
наливает суп и ест;business
защищая рукою кушанье;business
ест;business
продолжает есть;business
режет курицу;business
режет жаркое;business
ест;business
ковыряет пальцем в зубах;business
вытирает рот салфеткой;business
слуга убирает и уносит тарелки вместе с осипом;exit
хлестаков, потом осип;modifier
входит;entrance
испугавшись;business
бодрится и выпрямливается;business
"у дверей вертится ручка; хлестаков бледнеет и съеживается";business
хлестаков, городничий и добчинский. городничий, вошед, останавливается. оба в испуге смотрят несколько минут один на другого, выпучив глаза;mixed
немного оправившись и протянув руки по швам;business
кланяется;business
сначала немного заикается, но к концу речи говорит громко;delivery
выглядывает из дверей;entrance
робея;business
бодрится;business
в сторону;delivery
храбрясь;delivery
стучит кулаком по столу;business
вытянувшись и дрожа всем телом;business
выглядывает в дверь и в испуге прячется;business
дрожа;business
в размышлении;delivery
в сторону;delivery
вслух;delivery
поднося бумажки;business
принимая деньги;business
в сторону;delivery
входит;entrance
к городничему и добчинскому;delivery
добчинскому;delivery
добчинскому;delivery
городничий и добчинский садятся. бобчинский выглядывает в дверь и прислушивается;business
в сторону;delivery
вслух;delivery
в сторону;delivery
вслух;delivery
в сторону, с лицом, принимающим ироническое выражение;delivery
вслух;delivery
в сторону;delivery
вслух;delivery
в сторону;delivery
вслух;delivery
окидывает глазами комнату;business
те же и трактирный слуга, сопровождаемый осипом. бобчинский выглядывает в дверь;modifier
слуге;delivery
прячет деньги;business
слуга уходит. в дверь выглядывает бобчинский;mixed
городничий, хлестаков, добчинский;modifier
бобчинский выставляет голову в дверь;business
добчинскому;delivery
тихо добчинскому;delivery
хлестакову;delivery
пишет и в то же время говорит про себя;business
написавши, отдает добчинскому, который подходит к двери, но в это время дверь обрывается и подслушивавший с другой стороны бобчинский летит вместе с нею на сцену. все издают восклицания. бобчинский подымается;mixed
делая бобчинскому укорительный знак, хлестакову;delivery
осипу;delivery
пропускает вперед хлестакова и следует за ним, но, оборотившись, говорит с укоризной бобчинскому;mixed
"уходит; за ним бобчинский";exit
занавес опускается;setting
анна андреевна, марья антоновна стоят у окна в тех же самых положениях;setting
всматривается в окно и вскрикивает;business
машет платком;business
кричит в окно;delivery
немного отступя от окна, с досадою;delivery
те же и добчинский;modifier
размахивает руками;business
читает;business
останавливается;business
продолжает читать;business
бежит и кричит в дверь;delivery
мишка входит;entrance
садится к столу, пишет записку и между тем говорит):;business
анна андреевна и марья антоновна;modifier
поспешно уходит вместе с марьей антоновной и говорит за сценою;mixed
по уходе их отворяются двери, и мишка выбрасывает из них сор. из других дверей выходит осип с чемоданом на голове;mixed
мишка и осип;modifier
оба несут чемодан в боковую комнату;business
"квартальные отворяют обе половинки дверей. входит хлестаков ; за ним городничий , далее попечитель богоугодных заведений, смотритель училищ, добчинский и бобчинский с пластырем на носу. городничий указывает квартальным на полу бумажку – они бегут и снимают ее, толкая друг друга впопыхах";setting
подбегая;business
в сторону;delivery
добчинскому;delivery
в сторону;delivery
вслух;delivery
в сторону;delivery
те же, анна андреевна и марья антоновна;modifier
раскланиваясь;business
рисуясь;business
посматривает на анну андреевну и рисуется перед ней;business
городничему;delivery
городничий и все садятся;business
обращаясь ко всем;delivery
городничий и прочие с робостью встают с своих стульев;business
городничий и прочие трясутся от страха. хлестаков горячится сильнее;business
поскальзывается и чуть-чуть не шлепается на пол, но с почтением поддерживается чиновниками;business
подходя и трясясь всем телом, силится выговорить;delivery
быстрым, отрывистым голосом;delivery
таким же голосом;delivery
с декламацией;delivery
входит в боковую комнату, за ним городничий;exit
те же, кроме хлестакова и городничего;modifier
добчинскому;delivery
оба уходят;exit
луке лукичу;delivery
уходит в задумчивости вместе с смотрителем училищ, произнеся:;exit
анна андреевна и марья антоновна;modifier
те же и городничий;modifier
входит на цыпочках;entrance
задумывается;business
посматривает на дочь;business
один;modifier
отворяет дверь и говорит в дверь;business
после небольшого молчания;business
те же и осип. все бегут к нему навстречу, кивая пальцами;mixed
жене и дочери;delivery
осипу;delivery
в сторону;delivery
вслух;delivery
к осипу;delivery
принимая деньги;business
к осипу;delivery
махнув рукою;business
прячет деньги;business
слышен из другой комнаты небольшой кашель хлестакова;setting
"поднимается на цыпочки; вся сцена вполголоса";mixed
обращаясь к осипу;delivery
те же, держиморда и свистунов;modifier
закрывает ему рот;business
дразнит его;business
к осипу;delivery
осип уходит;exit
показывает ногою;business
уходит на цыпочках вслед за квартальными;exit
входят осторожно, почти на цыпочках: аммос федорович, артемий филиппович , почтмейстер, лука лукич, добчинский и бобчинский, в полном параде и мундирах;entrance
вся сцена происходит вполголоса;delivery
строит всех полукружием;business
оба петра ивановича забегают на цыпочках;entrance
пристают к нему;business
в это время слышны шаги и откашливание в комнате хлестакова. все спешат наперерыв к дверям, толпятся и стараются выйти, что происходит не без того, чтобы не притиснули кое-кого;mixed
раздаются вполголоса восклицания:;delivery
выхватываются несколько восклицаний: «ай, ай!» – наконец все выпираются, и комната остается пуста;business
один, выходит с заспанными глазами;entrance
хлестаков и аммос федорович;modifier
входя и останавливаясь, про себя;mixed
вслух, вытянувшись и придерживая рукою шпагу;business
в сторону;delivery
высовывая понемногу вперед сжатый кулак. в сторону;business
потерявшись и роняя на пол ассигнации;business
дрожа всем телом;business
в сторону;delivery
подымая;business
в сторону;delivery
поспешно;delivery
в сторону;delivery
приподымается со стула, вытянувшись и руки по швам;business
раскланиваясь и уходя, в сторону;business
по уходе его;setting
хлестаков и почтмейстер, входит вытянувшись, в мундире, придерживая шпагу;entrance
в сторону;delivery
глядя в глаза ему, говорит про себя;business
вслух;delivery
встает, вытягивается и придерживает шпагу;business
почтмейстер раскланивается и уходит;exit
раскуривая сигарку;business
хлестаков и лука лукич, который почти выталкивается из дверей. сзади его слышен голос почти вслух: «чего робеешь?»;setting
вытягиваясь не без трепета и придерживая шпагу;business
подает ему сигару;business
про себя, в нерешимости;delivery
подает ему свечу;business
лука лукич пробует закурить и весь дрожит;business
от испуга выронил сигару, плюнул и, махнув рукою, про себя;business
лука лукич находится в совершенном недоумении, что сказать;modifier
в сторону;delivery
лука лукич молчит;business
в сторону;delivery
хватаясь за карманы, про себя;delivery
вынимает и подает, дрожа, ассигнации;business
вытягиваясь и придерживая шпагу;business
летит вон почти бегом и говорит в сторону;delivery
хлестаков и артемий филиппович, вытянувшись и придерживая шпагу;business
помолчав;business
придвигается ближе с своим стулом и говорит вполголоса;mixed
раскланивается с тем, чтобы уйти;business
провожая;business
возвращается и, отворивши дверь, кричит вслед ему;business
хлестаков, бобчинский и добчинский;modifier
вдруг и отрывисто;delivery
громко и скоро;delivery
шаря в карманах;business
смотря в бумажник;business
принимает деньги;business
обращаясь к бобчинскому;delivery
выпровожает их;business
один;modifier
выглянул из дверей, произнесши: «сейчас»;business
хлестаков и осип с чернилами и бумагою;setting
начинает писать;business
пишет;business
пишет;business
пишет;business
пишет;business
продолжает писать;business
пишет;business
выходит и говорит за сценой;exit
продолжает писать;business
свертывает и надписывает;business
приносит свечу. хлестаков печатает. в это время слышен голос держиморды: «куда лезешь, борода? говорят тебе, никого не велено пускать»;setting
дает осипу письмо;business
шум увеличивается;setting
глядя в окно;business
подходя к окну;business
осип уходит;exit
принимает из окна просьбы, развертывает одну из них и читает:;business
хлестаков и купцы с кузовом вина и сахарными головами;modifier
вынимают деньги;business
подносят ему на серебряном подносе деньги;business
кланяясь;business
купцы уходят. слышен голос женщины: «нет, ты не смеешь не допустить меня! я на тебя нажалуюсь ему самому. ты не толкайся так больно!»;setting
подходит к окну;business
в окно;delivery
хлестаков, слесарша и унтер-офицерша;modifier
кланяясь в ноги;business
выпровожает старуху;business
уходя;exit
в окно высовываются руки с просьбами;setting
подходит к окну;business
отходя;business
кричит в окно;delivery
"дверь отворяется, и выставляется какая-то фигура во фризовой шинели, с небритою бородою, раздутою губою и перевязанною щекою; за нею в перспективе показывается несколько других";setting
упирается первому руками в брюхо и выпирается вместе с ним в прихожую, захлопнув за собою дверь;business
хлестаков и марья антоновна;modifier
рисуется;business
рисуется;business
села;business
придвигая стул;business
отдвигает стул;business
придвигая стул;business
отдвигаясъ;business
придвигаясь;business
отдвигается;business
придвигаясь;business
смотрит в окно;business
целует ее в плечо и смотрит в окно;business
встает в негодовании;business
удерживая ее;business
силится уйти;business
продолжая удерживать ее;business
падает на колени;business
те же и анна андреевна;modifier
увидев хлестакова на коленях;business
вставая;business
дочери;delivery
марья антоновна уходит в слезах;exit
в сторону;delivery
бросается на колени;business
те же и марья антоновна, вдруг вбегает;entrance
увидя хлестакова на коленях, вскрикивает;delivery
сквозь слезы;delivery
схватывая за руку дочь;business
с изумлением;delivery
те же и городничий впопыхах;modifier
хлестаков подходит с марьей антоновной;business
хлестаков целуется с марьей антоновной. городничий смотрит на них;business
протирает глаза;business
вскрикивает, подпрыгивает от радости;business
те же и осип;business
целует ее ручку;business
немного подумав;business
вынимает из бумажника;business
берет и рассматривает ассигнации;business
выходят;exit
за сценой :;business
бьет рукою по ковру;business
колокольчик звенит. занавес опускается;setting
городничий, анна андреевна и марья антоновна;setting
входит;entrance
квартальный уходит;exit
заливается и помирает со смеху;business
зажмуривает глаза и нюхает;business
те же и купцы;modifier
кланяясь;business
с неудовольствием;delivery
кланяясь;business
кланяются в ноги;business
махнув рукой;business
купцы уходят;exit
те же, аммос федорович, артемий филиппович, потом растаковский;modifier
еще в дверях;location
подходит к ручке анны андреевны;business
подходя к ручке марьи антоновны;business
входит;entrance
подходит к ручке анны андреевны;business
подходит к ручке марьи антоновны;business
те же, коробкин с женою, люлюков;modifier
подходит к ручке анны андреевны;business
подходит к ее ручке;business
подходит к ручке и потом, обратившись к зрителям, щелкает языком с видом удальства;business
подходит к ее ручке и обращается к зрителям с тем же удальством;business
множество гостей в сюртуках и фраках подходят сначала к ручке анны андреевны, говоря: «анна андреевна!» – потом к марье антоновне, говоря: «марья антоновна!»;setting
бобчинский и добчинский проталкиваются;business
оба подходят в одно время и сталкиваются лбами;business
подходит к ручке;business
перебивая;delivery
показывает рукою;business
еще несколько гостей, подходящих к ручкам, лука лукич с женою;setting
бежит вперед;business
целуются;business
гости садятся;business
те же, частный пристав и квартальные;modifier
гости усаживаются;business
в сторону;delivery
чихает;business
поздравления сливаются в один гул;setting
чихает;business
"поздравительный гул; слышнее других голоса:";setting
в сторону;delivery
в сторону;delivery
обращаясь к нему;delivery
те же и почтмейстер впопыхах, с распечатанным письмом в руке;modifier
запальчиво;delivery
читает;delivery
показывает письмо;business
читает;delivery
продолжая читать;delivery
продолжая читать;delivery
оставляя читать;business
надевает очки и читает;delivery
к зрителям;delivery
продолжая читать;delivery
заикается;delivery
берет письмо;business
не давая письма;business
коробкину;delivery
отдает письмо;business
закрывает пальцем;business
все приступают к нему;business
читая;delivery
к зрителям;delivery
продолжая читать;delivery
к зрителям;delivery
в сторону;delivery
читает;delivery
вслух;delivery
продолжает;delivery
останавливается;delivery
продолжая читать;delivery
переворачивает письмо и читает адрес;delivery
машет рукою;business
вздыхает;business
в недоумении расставляет руки;business
бьет себя по лбу;business
махнул рукой;business
в сердцах;delivery
в исступлении;delivery
грозит самому себе кулаком;business
стучит со злости ногами об пол;business
сует кулаком и бьет каблуком в пол. после некоторого молчания;business
расставляя руки;business
показывает на добчинского и бобчинского;business
все обступают их;business
те же и жандарм;modifier
"произнесенные слова поражают как громом всех. звук изумления единодушно излетает из дамских уст; вся группа, вдруг переменивши положение, остается в окаменении";setting
"городничий посередине в виде столба, с распростертыми руками и закинутою назад головою. по правую сторону его жена и дочь с устремившимся к нему движеньем всего тела; за ними почтмейстер, превратившийся в вопросительный знак, обращенный к зрителям; за ним лука лукич, потерявшийся самым невинным образом; за ним, у самого края сцены, три дамы, гостьи, прислонившиеся одна к другой с самым сатирическим выраженьем лица, относящимся прямо к семейству городничего. по левую сторону городничего: земляника, наклонивший голову несколько набок, как будто к чему-то прислушивающийся; за ним судья с растопыренными руками, присевший почти до земли и сделавший движенье губами, как бы хотел посвистать или произнесть: «вот тебе, бабушка, и юрьев день!» за ним коробкин, обратившийся к зрителям с прищуренным глазом и едким намеком на городничего; за ним, у самого края сцены, бобчинский и добчинский с устремившимися движеньями рук друг к другу, разинутыми ртами и выпученными друг на друга глазами. прочие гости остаются просто столбами. почти полторы минуты окаменевшая группа сохраняет такое положение. занавес опускается";setting